{
  "energy_balance_current": {
    "equilibrium_temperature_K": 289.8076986069822,
    "equilibrium_temperature_C": 16.65769860698225,
    "temperature_change_K": 1.807698606982233,
    "radiative_forcing_W_m2": 2.1692383283786794,
    "co2_ppm": 420.0,
    "albedo": 0.3,
    "response_timescale_years": 10.562695938009652,
    "incoming_solar_W_m2": 238.17499999999998
  },
  "energy_balance_2xco2": {
    "equilibrium_temperature_K": 291.0902811799964,
    "equilibrium_temperature_C": 17.94028117999642,
    "temperature_change_K": 3.0902811799964227,
    "radiative_forcing_W_m2": 3.708337415995707,
    "co2_ppm": 560.0,
    "albedo": 0.3,
    "response_timescale_years": 10.562695938009652,
    "incoming_solar_W_m2": 238.17499999999998
  },
  "greenhouse_forcing": {
    "total_forcing_W_m2": 2.8012439378971004,
    "components": {
      "CO2": 2.1692383283786794,
      "CH4": 0.5046638667108447,
      "N2O": 0.1273417428075764
    },
    "concentrations": {
      "CO2": 420,
      "CH4": 1900,
      "N2O": 335
    }
  },
  "atmospheric_profile": {
    "altitude_km": [
      0,
      5,
      10,
      15,
      20,
      30,
      40,
      50
    ],
    "pressure_Pa": [
      101325,
      51856,
      21897,
      9448,
      4284,
      1087,
      437,
      181
    ],
    "pressure_hPa": [
      1013.25,
      518.56,
      218.97,
      94.48,
      42.84,
      10.87,
      4.37,
      1.81
    ],
    "density_kg_m3": [
      1,
      0,
      0,
      0,
      0,
      0,
      0,
      0
    ],
    "temperature_K": [
      288,
      255,
      223,
      216,
      216,
      226,
      251,
      270
    ],
    "temperature_C": [
      14.850000000000023,
      -18.149999999999977,
      -50.14999999999998,
      -57.14999999999998,
      -57.14999999999998,
      -47.14999999999998,
      -22.149999999999977,
      -3.1499999999999773
    ]
  },
  "air_quality": {
    "overall_aqi": 100,
    "dominant_pollutant": "PM2.5",
    "category": {
      "name": "Moderate",
      "color": "yellow"
    },
    "individual_aqi": {
      "PM2.5": 100,
      "PM10": 100,
      "O3": 100,
      "CO": 100
    },
    "pollutant_concentrations": {
      "PM2.5": 35.4,
      "PM10": 154,
      "O3": 70,
      "CO": 9.4
    }
  },
  "weather_forecast": {
    "forecast_hours": [
      0,
      1,
      2,
      3,
      4,
      5,
      6,
      7,
      8,
      9,
      10,
      11,
      12,
      13,
      14,
      15,
      16,
      17,
      18,
      19,
      20,
      21,
      22,
      23,
      24,
      25,
      26,
      27,
      28,
      29,
      30,
      31,
      32,
      33,
      34,
      35,
      36,
      37,
      38,
      39,
      40,
      41,
      42,
      43,
      44,
      45,
      46,
      47,
      48
    ],
    "temperature_K": [
      288.0,
      288.0,
      290.5881904510252,
      286.03776768674226,
      300.34947273452883,
      263.4401723819618,
      363.7251945554134,
      94.29922664593795,
      818.7143385853176,
      -1130.96131675666,
      4112.07700988728,
      -9993.767156596783,
      27948.541841696373,
      -74118.85755416326,
      200439.85863024817,
      -538125.4997153676,
      1448613.2431665268,
      -3895715.5643719956,
      10480527.928902406,
      -28191567.408747476,
      75836369.39027245,
      -203998779.600087,
      548757772.7731662,
      -1476157351.0398173,
      3970864334.4289174,
      -10681623996.893787,
      28733569616.95248,
      -77293301201.88216,
      207918981302.85413,
      -559302058633.2974,
      1504522538795.9492,
      -4047165628288.384,
      10886875541168.133,
      -29285695204670.9,
      78778520101634.53,
      -211914219072329.16,
      570049249305630.9,
      -1533432480631084.5,
      4124933372898677.5,
      -1.1096070773096384e+16,
      2.984843037963033e+16,
      -8.029227772120451e+16,
      2.1598622707004118e+17,
      -5.810029508184097e+17,
      1.5628979377015232e+18,
      -4.2041954524170957e+18,
      1.1309285767001991e+19,
      -3.0421978713235366e+19,
      8.183512273860313e+19
    ],
    "temperature_C": [
      14.850000000000023,
      14.850000000000023,
      17.438190451025207,
      12.88776768674228,
      27.199472734528854,
      -9.709827618038162,
      90.57519455541342,
      -178.85077335406203,
      545.5643385853176,
      -1404.11131675666,
      3838.92700988728,
      -10266.917156596783,
      27675.39184169637,
      -74392.00755416325,
      200166.70863024818,
      -538398.6497153676,
      1448340.0931665269,
      -3895988.7143719955,
      10480254.778902406,
      -28191840.558747474,
      75836096.24027245,
      -203999052.750087,
      548757499.6231662,
      -1476157624.1898174,
      3970864061.2789173,
      -10681624270.043787,
      28733569343.80248,
      -77293301475.03215,
      207918981029.70413,
      -559302058906.4474,
      1504522538522.7993,
      -4047165628561.5337,
      10886875540894.982,
      -29285695204944.047,
      78778520101361.38,
      -211914219072602.3,
      570049249305357.8,
      -1533432480631357.8,
      4124933372898404.5,
      -1.1096070773096658e+16,
      2.9848430379630056e+16,
      -8.029227772120478e+16,
      2.159862270700409e+17,
      -5.8100295081841e+17,
      1.562897937701523e+18,
      -4.204195452417096e+18,
      1.1309285767001991e+19,
      -3.0421978713235366e+19,
      8.183512273860313e+19
    ],
    "pressure_Pa": [
      101325.0,
      101325.0,
      101325.0,
      100393.25143763093,
      101099.6550704037,
      96653.84488597333,
      105495.38282846707,
      78234.31278851825,
      147966.5911959806,
      -43090.57069473373,
      467735.50333766383,
      -908932.2202217572,
      2792503.9561530855,
      -7165291.106857611,
      19621177.612641163,
      -52433491.494248174,
      141395368.40328413,
      -380001719.1366655,
      1022559564.0372529,
      -2750326810.3676133,
      7398741136.781479,
      -19902248163.716606,
      53537416172.31472,
      -144015278346.0251,
      387401471708.3092,
      -1042109585006.1012,
      2803275157555.6626,
      -7540809800867.232,
      20284778735490.344,
      -54566054429857.14,
      146782686781809.94,
      -394845427081051.8,
      1062134199206446.5,
      -2857140995510401.5,
      7685709278274802.0,
      -2.067455795820995e+16,
      5.561456090793224e+16,
      -1.4960316884199123e+17,
      4.0243252418530285e+17,
      -1.0825434900581176e+18,
      2.9120419882566845e+18,
      -7.83339294841013e+18,
      2.10718270312236e+19,
      -5.6683214713991135e+19,
      1.5247784758063648e+20,
      -4.1016540999191174e+20,
      1.103344952878243e+21,
      -2.967997923242474e+21,
      7.983914413522258e+21
    ],