{
  "working_memory_no_chunk": {
    "num_items": 9,
    "chunking_strategy": false,
    "chunk_size": null,
    "num_chunks": null,
    "effective_items": 9.0,
    "working_memory_capacity": 7,
    "recall_probability": 0.15865525393145707,
    "capacity_utilization": 1.0,
    "chunking_benefit": 0.0,
    "performance": "Poor (far exceeds capacity)"
  },
  "working_memory_chunked": {
    "num_items": 9,
    "chunking_strategy": true,
    "chunk_size": 3,
    "num_chunks": 3,
    "effective_items": 3.0,
    "working_memory_capacity": 7,
    "recall_probability": 0.9772498680518208,
    "capacity_utilization": 0.42857142857142855,
    "chunking_benefit": 0.8185946141203637,
    "performance": "Excellent (within capacity)"
  },
  "forgetting_no_rehearsal": {
    "initial_strength": 1.0,
    "forgetting_rate": "moderate",
    "decay_constant_per_hour": 0.1,
    "half_life_hours": 6.931471805599452,
    "half_life_days": 0.2888113252333105,
    "time_hours": [
      0,
      1,
      6,
      24,
      48,
      168
    ],
    "retention": [
      1.0,
      0.9048374180359595,
      0.5488116360940264,
      0.09071795328941247,
      0.008229747049020023,
      5.05653134833552e-08
    ],
    "rehearsal_times_hours": null,
    "final_retention": 5.05653134833552e-08
  },
  "forgetting_with_rehearsal": {
    "initial_strength": 1.0,
    "forgetting_rate": "moderate",
    "decay_constant_per_hour": 0.1,
    "half_life_hours": 6.931471805599452,
    "half_life_days": 0.2888113252333105,
    "time_hours": [
      0,
      1,
      6,
      24,
      48,
      168
    ],
    "retention": [
      1.0,
      0.9048374180359595,
      0.5488116360940264,
      0.39071795328941245,
      0.03544513303584376,
      2.0536403371520326e-05
    ],
    "rehearsal_times_hours": [
      24,
      72
    ],
    "final_retention": 2.0536403371520326e-05
  },
  "reinforcement_learning": {
    "learning_rate": 0.15,
    "discount_factor": 0.9,
    "Q_values": {
      "C": -0.11253750000000001,
      "A": 0.6028626759375,
      "B": 0.14467468125
    },
    "policy_probabilities": {
      "C": 0.23050374031581325,
      "A": 0.4713812738689122,
      "B": 0.29811498581527457
    },
    "best_action": "A",
    "Q_evolution": {
      "C": [
        0.0,
        -0.11253750000000001
      ],
      "A": [
        0.0,
        0.15,
        0.27749999999999997,
        0.38860874999999995,
        0.53277961875,
        0.6028626759375
      ],
      "B": [
        0.0,
        0.02025,
        0.14467468125
      ]
    },
    "total_reward": 4.5,
    "num_trials": 8
  },
  "prospect_theory_gain": {
    "objective_outcome": 100.0,
    "reference_point": 0.0,
    "relative_outcome": 100.0,
    "frame": "gain",
    "subjective_value": 57.543993733715695,
    "value_ratio": 0.5754399373371569,
    "loss_aversion_factor": 2.25
  },
  "prospect_theory_loss": {
    "objective_outcome": -100.0,
    "reference_point": 0.0,
    "relative_outcome": -100.0,
    "frame": "loss",
    "subjective_value": -129.47398590086033,
    "value_ratio": 1.2947398590086032,
    "loss_aversion_factor": 2.25
  },
  "decision_rational": {
    "decision_mode": "rational",
    "chosen_option": {
      "option_index": 0,
      "expected_utility": 50.0,
      "value": 100.0,
      "probability": 0.5
    },
    "all_options_ranked": [
      {
        "option_index": 0,
        "expected_utility": 50.0,
        "value": 100.0,
        "probability": 0.5
      },
      {
        "option_index": 1,
        "expected_utility": 40.0,
        "value": 40.0,
        "probability": 1.0
      },
      {
        "option_index": 2,
        "expected_utility": 40.0,
        "value": 200.0,
        "probability": 0.2
      }
    ],
    "reasoning": "Maximizing expected utility (rational choice)",
    "regret": 0.0,
    "optimal_choice": true
  },
  "cognitive_load": {
    "task_complexity": 0.7,
    "intrinsic_load": 0.6,
    "extraneous_load": 0.3,
    "germane_load": 0.2,
    "total_load": 1.0999999999999999,
    "cognitive_capacity": 1.0,
    "capacity_utilization": 1.0999999999999999,
    "status": "Overload (learning impaired)",
    "learning_efficiency": 0.09090909090909093,
    "recommendations": []
  },
  "attention_focused": {
    "stimulus_intensity": 0.5,
    "stimulus_novelty": 0.3,
    "current_focus": 0.9,
    "fatigue_level": 0.2,
    "bottom_up_attention": 0.42,
    "top_down_attention": 0.9,
    "combined_attention": 0.6804,
    "distraction_probability": 0.03359999999999999,
    "attention_state": "Partial attention"
  },
  "behavioral_prediction": {
    "past_behavior_count": 10,
    "base_rate": 0.8,
    "weighted_rate": 0.8156482364898701,
    "habit_strength": 0.7,
    "context_similarity": 0.8,
    "prediction_probability": 1.0,
    "predicted_action": 1,
    "confidence": 0.24,
    "consistency": 0.6
  },
  "validation_status": "PASSED",
  "lab_name": "Cognitive Science Laboratory"
}