{
  "earthquake_energy": {
    "magnitude_5": {
      "magnitude": 5.0,
      "scale": "moment",
      "energy_joules": 1995262314968.8828,
      "energy_TNT_tons": 476.87913837688404,
      "energy_TNT_megatons": 0.00047687913837688405,
      "seismic_moment_Nm": 3.981071705534986e+16,
      "annual_frequency_worldwide": 1000.0,
      "recurrence_interval_years": 0.001
    },
    "magnitude_7": {
      "magnitude": 7.0,
      "scale": "moment",
      "energy_joules": 1995262314968882.8,
      "energy_TNT_tons": 476879.13837688405,
      "energy_TNT_megatons": 0.47687913837688406,
      "seismic_moment_Nm": 3.981071705534986e+19,
      "annual_frequency_worldwide": 10.0,
      "recurrence_interval_years": 0.1
    },
    "magnitude_9": {
      "magnitude": 9.0,
      "scale": "moment",
      "energy_joules": 1.995262314968883e+18,
      "energy_TNT_tons": 476879138.37688404,
      "energy_TNT_megatons": 476.87913837688404,
      "seismic_moment_Nm": 3.981071705534985e+22,
      "annual_frequency_worldwide": 0.1,
      "recurrence_interval_years": 10.0
    }
  },
  "seismic_arrivals": {
    "epicenter_distance_km": 100.0,
    "focal_depth_km": 15.0,
    "hypocentral_distance_km": 101.11874208078343,
    "p_wave_arrival_sec": 16.853123680130572,
    "s_wave_arrival_sec": 28.891069165938124,
    "rayleigh_wave_arrival_sec": 31.25,
    "sp_interval_sec": 12.037945485807551,
    "estimated_distance_km": 96.30356388646041,
    "p_wave_velocity_ms": 6000.0,
    "s_wave_velocity_ms": 3500.0
  },
  "plate_motion": {
    "time_years": [
      0.0,
      1000000.0,
      2000000.0,
      3000000.0
    ],
    "time_Ma": [
      0.0,
      1.0,
      2.0,
      3.0
    ],
    "distance_km": [
      0.0,
      25.0,
      50.0,
      75.0
    ],
    "spreading_rate_mm_yr": 25.0,
    "spreading_rate_cm_yr": 2.5,
    "magnetic_polarity": [
      1,
      -1,
      -1,
      1
    ],
    "ocean_depth_m": [
      2500.0,
      2850.0,
      2994.974746830583,
      3106.217782649107
    ],
    "heat_flow_mW_m2": [
      510.0,
      360.6244584051392,
      294.44863728670913,
      255.0
    ]
  },
  "gravity_anomaly": {
    "distance_m": [
      -5000.0,
      -4795.918367346939,
      -4591.836734693878,
      -4387.755102040816,
      -4183.673469387755,
      -3979.591836734694,
      -3775.5102040816328,
      -3571.4285714285716,
      -3367.3469387755104,
      -3163.265306122449,
      -2959.183673469388,
      -2755.1020408163263,
      -2551.020408163265,
      -2346.938775510204,
      -2142.8571428571427,
      -1938.7755102040815,
      -1734.6938775510203,
      -1530.612244897959,
      -1326.5306122448978,
      -1122.4489795918366,
      -918.3673469387754,
      -714.2857142857138,
      -510.20408163265256,
      -306.12244897959135,
      -102.04081632653015,
      102.04081632653106,
      306.12244897959226,
      510.20408163265347,
      714.2857142857147,
      918.3673469387759,
      1122.448979591837,
      1326.5306122448983,
      1530.6122448979595,
      1734.6938775510207,
      1938.775510204082,
      2142.857142857143,
      2346.9387755102043,
      2551.0204081632655,
      2755.1020408163267,
      2959.183673469388,
      3163.265306122449,
      3367.3469387755104,
      3571.4285714285725,
      3775.5102040816328,
      3979.591836734695,
      4183.673469387755,
      4387.755102040817,
      4591.836734693878,
      4795.91836734694,
      5000.0
    ],
    "distance_km": [
      -5.0,
      -4.795918367346939,
      -4.591836734693878,
      -4.387755102040816,
      -4.183673469387755,
      -3.979591836734694,
      -3.7755102040816326,
      -3.5714285714285716,
      -3.36734693877551,
      -3.163265306122449,
      -2.959183673469388,
      -2.7551020408163263,
      -2.5510204081632653,
      -2.346938775510204,
      -2.142857142857143,
      -1.9387755102040816,
      -1.7346938775510203,
      -1.530612244897959,
      -1.3265306122448979,
      -1.1224489795918366,
      -0.9183673469387754,
      -0.7142857142857137,
      -0.5102040816326525,
      -0.30612244897959134,
      -0.10204081632653014,
      0.10204081632653106,
      0.3061224489795923,
      0.5102040816326535,
      0.7142857142857146,
      0.9183673469387759,
      1.122448979591837,
      1.3265306122448983,
      1.5306122448979596,
      1.7346938775510208,
      1.938775510204082,
      2.1428571428571432,
      2.3469387755102042,
      2.5510204081632657,
      2.7551020408163267,
      2.959183673469388,
      3.163265306122449,
      3.36734693877551,
      3.5714285714285725,
      3.7755102040816326,
      3.979591836734695,
      4.183673469387755,
      4.387755102040817,
      4.591836734693878,
      4.79591836734694,
      5.0
    ],
    "gravity_anomaly_mgal": [
      0.0017627561813674272,
      0.0019949248724605052,
      0.0022695848831224322,
      0.0025968831168961975,
      0.0029900066296648063,
      0.0034662956724145727,
      0.004048845416489658,
      0.0047688501261329745,
      0.005669097777487796,
      0.006809286190162642,
      0.008274292222210329,
      0.010187354792797086,
      0.012731672665828073,
      0.016186877126889935,
      0.020992739099841395,
      0.027864710314117,
      0.038012394534961406,
      0.05357193886944115,
      0.0785041889144946,
      0.12054955684901322,
      0.19562148856524017,
      0.3374341431221161,
      0.613529561811402,
      1.1099266023224612,
      1.6830305894068884,
      1.6830305894068864,
      1.1099266023224585,
      0.6135295618114003,
      0.33743414312211517,
      0.19562148856523992,
      0.12054955684901318,
      0.07850418891449452,
      0.0535719388694411,
      0.03801239453496138,
      0.027864710314116983,
      0.020992739099841385,
      0.016186877126889914,
      0.012731672665828064,
      0.010187354792797079,
      0.008274292222210329,
      0.006809286190162642,
      0.005669097777487796,
      0.004768850126132971,
      0.004048845416489658,
      0.00346629567241457,
      0.0029900066296648063,
      0.002596883116896196,
      0.0022695848831224322,
      0.001994924872460504,
      0.0017627561813674272
    ],
    "peak_anomaly_mgal": 1.7892635176835714,
    "body_depth_m": 500.0,
    "body_radius_m": 200.0,
    "density_contrast_kg_m3": 2000.0,
    "excess_mass_kg": 67020643276.582245
  },
  "mineral_identification": {
    "measured_density": 19300.0,
    "measured_hardness": 2.6,
    "candidates": [
      {
        "mineral": "gold",
        "confidence": 0.7999999999999999,
        "database_density": 19320,
        "database_hardness": 2.5,
        "composition": "Au",
        "density_deviation": 20.0,
        "hardness_deviation": 0.10000000000000009
      }
    ],
    "top_match": {
      "mineral": "gold",
      "confidence": 0.7999999999999999,
      "database_density": 19320,
      "database_hardness": 2.5,
      "composition": "Au",
      "density_deviation": 20.0,
      "hardness_deviation": 0.10000000000000009
    },
    "num_matches": 1
  },
  "resource_estimation": {
    "sample_count": 10,
    "mean_grade": 1.1600000000000001,
    "median_grade": 1.15,
    "std_grade": 0.5332916650389353,
    "coefficient_variation": 0.4597341939990821,
    "cutoff_grade": 0.7,
    "fraction_above_cutoff": 0.8,
    "mean_grade_above_cutoff": 1.35,
    "resource_classification": "Inferred",
    "sample_density_per_km": 20.0,
    "relative_tonnage_factor": 2.1332410086922162,
    "min_depth_m": 0.0,
    "max_depth_m": 500.0
  },
  "moment_tensor": {
    "magnitude": 6.5,
    "seismic_moment_Nm": 7.079457843841402e+18,
    "strike_deg": 135.0,
    "dip_deg": 90.0,
    "rake_deg": 0.0,
    "fault_type": "Strike-slip",
    "moment_tensor": {
      "M11": 7.079457843841402e+18,
      "M22": -7.079457843841402e+18,
      "M33": 0.0,
      "M12": -1571.955420019178,
      "M13": 306.52496973691643,
      "M23": -306.5249697369165
    }
  },
  "validation_status": "PASSED",
  "lab_name": "Geophysics Laboratory"
}