{
  "genomics": {
    "sequencing": {
      "sequence_length": 1000,
      "num_reads": 200,
      "avg_quality": 34.594314371686636,
      "coverage": 30.0
    },
    "expression": {
      "gene_name": "BRCA1",
      "tissue": "breast",
      "tpm": 19.35252474873932,
      "fpkm": 0.7167601758792341,
      "transcript_count": 967,
      "expression_category": "moderately_expressed",
      "baseline_tpm": 19.35252474873932,
      "tissue_modifier": 1.0
    },
    "crispr": {
      "guide_length": 20,
      "pam_site": "GGG",
      "on_target_score": 0.75,
      "efficiency": 0.5249999999999999,
      "off_targets": 3
    },
    "mutation": {
      "position": 100,
      "change": "A>T",
      "pathogenicity": 0.6499999999999999,
      "impact": "possibly_deleterious"
    },
    "rna_seq": {
      "gene_name": "BRCA1",
      "tissue": "breast",
      "read_count": 243,
      "tpm": 8.493880101468184,
      "log2_fold_change": -3.3628998759436683,
      "p_value": 1e-100,
      "significant": true
    }
  },
  "neuroscience": {
    "single_neuron": {
      "neuron_type": "excitatory",
      "duration_ms": 100,
      "num_spikes": 5,
      "resting_potential": -63.8,
      "mean_voltage": -63.58119391013973
    },
    "neural_network": {
      "n_neurons": 100,
      "duration_ms": 1000,
      "total_spikes": 4450,
      "avg_firing_rate": 44.5,
      "std_firing_rate": 43.00127905074452,
      "synchronization": 0.2029304211740835,
      "spike_times": [
        [
          3.4000000000000004,
          26.5,
          72.8,
          118.2,
          163.4,
          208.8,
          252.9,
          299.0,
          345.0,
          388.8,
          433.90000000000003,
          480.1,
          525.2,
          570.0,
          610.9,
          657.6,
          704.2,
          749.6,
          794.6,
          839.7,
          884.9000000000001,
          931.5,
          974.9000000000001
        ],
        [
          3.3000000000000003,
          26.5,
          72.2,
          118.5,
          163.5,
          209.20000000000002,
          255.10000000000002,
          300.8,
          345.6,
          390.90000000000003,
          434.20000000000005,
          479.6,
          525.0,
          570.8000000000001,
          614.2,
          659.9000000000001,
          706.9000000000001,
          750.4000000000001,
          796.0,
          840.9000000000001,
          887.6,
          932.0,
          978.8000000000001
        ],
        [
          3.4000000000000004,
          28.400000000000002,
          73.5,
          119.4,
          163.0,
          208.60000000000002,
          253.20000000000002,
          298.7,
          344.20000000000005,
          387.20000000000005,
          431.70000000000005,
          476.6,
          521.6,
          566.9,
          611.3000000000001,
          656.2,
          700.9000000000001,
          747.3000000000001,
          790.9000000000001,
          836.2,
          879.8000000000001,
          924.3000000000001,
          969.7
        ],
        [
          3.4000000000000004,
          29.5,
          73.7,
          119.10000000000001,
          164.70000000000002,
          206.4,
          253.20000000000002,
          297.6,
          342.90000000000003,
          389.1,
          435.3,
          479.0,
          524.8000000000001,
          567.3000000000001,
          612.9,
          658.1,
          702.1,
          749.6,
          793.8000000000001,
          840.8000000000001,
          886.4000000000001,
          930.2,
          977.2
        ],
        [
          3.5,
          26.8,
          74.5,
          119.60000000000001,
          164.8,
          211.60000000000002,
          257.40000000000003,
          301.40000000000003,
          346.6,
          392.20000000000005,
          436.3,
          481.6,
          527.9,
          573.6,
          618.3000000000001,
          666.3000000000001,
          710.9000000000001,
          756.4000000000001,
          799.8000000000001,
          845.0,
          887.7,
          936.3000000000001,
          982.3000000000001
        ]
      ],
      "connectivity": 0.1
    },
    "neurotransmitter": {
      "type": "glutamate",
      "peak_concentration": 0.19,
      "auc": 0.29999999999999977
    },
    "eeg_awake": {
      "dominant_frequency": 10.0,
      "power_spectrum": {
        "delta": 6540.87259438086,
        "theta": 13077.489774367788,
        "alpha": 3722521.020073807,
        "beta": 503837.07885879604,
        "gamma": 38252.994965755985
      },
      "synchronization": 0.9164209604193028,
      "consciousness_metric": 0.85
    },
    "consciousness": {
      "phi_value": 1.5841504146935004e-05,
      "interpretation": "low"
    }
  },
  "immunology": {
    "antibody_binding": {
      "KD_nM": 0.01,
      "affinity_M-1": 99999999999.99998,
      "ka": 10000000.0,
      "kd": 0.0001,
      "max_binding_fraction": 1.8018018018018018
    },
    "immune_response": {
      "peak_pathogen": 1000000.0,
      "clearance_time_days": 20.995833333333334,
      "peak_antibody_titer": 14.399999999846084,
      "final_pathogen": 0.0
    },
    "vaccines": {
      "mRNA": {
        "seroconversion": 0.98,
        "protection": 0.95,
        "duration_months": 8.0,
        "GMT": 1009.208345792139
      },
      "protein": {
        "seroconversion": 0.99,
        "protection": 0.9774999999999999,
        "duration_months": 6.0,
        "GMT": 400.61069183743894
      },
      "inactivated": {
        "seroconversion": 0.935,
        "protection": 0.8049999999999999,
        "duration_months": 4.0,
        "GMT": 1072.5168449240007
      }
    },
    "autoimmune": {
      "disease": "rheumatoid_arthritis",
      "avg_severity": 44.907692307692315,
      "flares": 2,
      "remission_months": 0
    }
  },
  "cardiology": {
    "cardiac_cycle": {
      "heart_rate": 70,
      "stroke_volume": 70.0,
      "cardiac_output": 4.9,
      "ejection_fraction": 58.333333333333336,
      "blood_pressure": "120/80"
    },
    "ecg": {
      "normal_sinus": {
        "heart_rate": 70,
        "pr_interval": 160,
        "qrs_duration": 100,
        "qt_interval": 400
      },
      "atrial_fib": {
        "heart_rate": 118.59852816377777,
        "pr_interval": 0,
        "qrs_duration": 90,
        "qt_interval": 380
      },
      "ventricular_tach": {
        "heart_rate": 180,
        "pr_interval": 0,
        "qrs_duration": 160,
        "qt_interval": 450
      }
    },
    "blood_flow": {
      "aorta": {
        "flow_rate_mL_s": 93055.04002755776,
        "velocity_cm_s": 20569.679999999997,
        "reynolds": 1495121.8834285713,
        "flow_type": "turbulent"
      },
      "coronary_artery": {
        "flow_rate_mL_s": 239.33909472108485,
        "velocity_cm_s": 1904.6000000000006,
        "reynolds": 23072.86857142858,
        "flow_type": "turbulent"
      },
      "capillary": {
        "flow_rate_mL_s": 2.804755016262713e-07,
        "velocity_cm_s": 0.35711250000000005,
        "reynolds": 0.010815407142857145,
        "flow_type": "laminar"
      }
    },
    "drugs": {
      "beta_blocker": {
        "peak_effect_time_hours": 0.0,
        "half_life": 4,
        "min_heart_rate": 60.66666666666667,
        "min_bp": 112.0
      },
      "ace_inhibitor": {
        "peak_effect_time_hours": 0.0,
        "half_life": 12,
        "min_heart_rate": 70.0,
        "min_bp": 108.0
      }
    }
  },
  "protein_engineering": {
    "protein_folding": {
      "sequence_length": 70,
      "energy": 1.1011172709883821e+28,
      "confidence": 0.4785156850627954,
      "helix_percentage": 40.0,
      "sheet_percentage": 0.0
    },
    "enzyme_kinetics": {
      "efficient_enzyme": {
        "vmax": 100,
        "km": 1,
        "kcat": 100.0,
        "catalytic_efficiency": 100000000000000.0
      },
      "normal_enzyme": {
        "vmax": 100,
        "km": 10,
        "kcat": 100.0,