{
  "radioactive_decay_U238": {
    "isotope": "U-238",
    "half_life_years": 4468000000.0,
    "decay_constant_per_s": 4.915959875924379e-18,
    "decay_mode": "alpha",
    "decay_energy_MeV": 4.27,
    "time_seconds": [
      0.0,
      3.15576e+16,
      6.31152e+16,
      9.46728e+16,
      1.262304e+17
    ],
    "time_years": [
      0.0,
      1000000000.0,
      2000000000.0,
      3000000000.0,
      4000000000.0
    ],
    "nuclei_count": [
      2.0341907282389356e+29,
      1.7418750846980856e+29,
      1.4915655491747845e+29,
      1.2772257936456388e+29,
      1.0936869176525695e+29
    ],
    "activity_Bq": [
      1000000000000.0,
      856298802524.8169,
      733247639205.4352,
      627879075405.7632,
      537652100400.34424
    ],
    "activity_Ci": [
      27.027027027027028,
      23.143210879049104,
      19.81750376230906,
      16.9697047406963,
      14.531137848657952
    ],
    "cumulative_decays": [
      0.0,
      2.9231564354084995e+28,
      5.42625179064151e+28,
      7.569649345932967e+28,
      9.40503810586366e+28
    ],
    "cumulative_energy_J": [
      0.0,
      1.999817324670423e+16,
      3.71225850505409e+16,
      5.178619837210806e+16,
      6.434263290005298e+16
    ],
    "cumulative_energy_MeV": [
      0.0,
      1.2481877979194291e+29,
      2.3170095146039244e+29,
      3.232240270713377e+29,
      4.015951271203782e+29
    ]
  },
  "radioactive_decay_I131": {
    "isotope": "I-131",
    "half_life_years": 0.021957563312799452,
    "decay_constant_per_s": 1.0003163107277312e-06,
    "decay_mode": "beta+gamma",
    "decay_energy_MeV": 0.971,
    "time_seconds": [
      0,
      691200,
      1382400,
      2073600,
      2764800
    ],
    "time_years": [
      0.0,
      0.02190280629705681,
      0.04380561259411362,
      0.06570841889117043,
      0.08761122518822724
    ],
    "nuclei_count": [
      3698830020384498.5,
      1852614574693737.8,
      927909837287110.2,
      464757579852532.94,
      232780814849309.4
    ],
    "activity_Bq": [
      3700000000.0,
      1853200576.5580645,
      928203345.1230115,
      464904587.66083467,
      232854445.91825625
    ],
    "activity_Ci": [
      0.1,
      0.050086502069136875,
      0.025086576895216525,
      0.012564988855698234,
      0.006293363403196115
    ],
    "cumulative_decays": [
      0.0,
      1846215445690760.8,
      2770920183097388.5,
      3234072440531965.5,
      3466049205535189.0
    ],
    "cumulative_energy_J": [
      0.0,
      287.21823142115795,
      431.07579684485466,
      503.12901932740436,
      539.2179580970064
    ],
    "cumulative_energy_MeV": [
      0.0,
      1792675197765728.5,
      2690563497787564.5,
      3140284339756538.5,
      3365533778574668.5
    ]
  },
  "fusion_DT": {
    "reaction": "D-T",
    "description": "Deuterium-Tritium (easiest to achieve)",
    "temperature_keV": 15.0,
    "density_m3": 1e+20,
    "reactivity_m3_s": 7.624043829455158e-26,
    "reaction_rate_per_m3_per_s": 190601095736378.97,
    "Q_value_MeV": 17.6,
    "power_density_W_m3": 537.4628547263773,
    "power_density_MW_m3": 0.0005374628547263773,
    "lawson_criterion_s_m3": 1e+20,
    "lawson_required_s_m3": 1e+20,
    "ignition_condition": false
  },
  "fusion_DD": {
    "reaction": "D-D_branch1",
    "description": "Deuterium-Deuterium (branch 1)",
    "temperature_keV": 50.0,
    "density_m3": 1e+20,
    "reactivity_m3_s": 3.578993933327855e-24,
    "reaction_rate_per_m3_per_s": 8947484833319638.0,
    "Q_value_MeV": 3.27,
    "power_density_W_m3": 4687.692520495613,
    "power_density_MW_m3": 0.004687692520495613,
    "lawson_criterion_s_m3": 1e+20,
    "lawson_required_s_m3": 1e+20,
    "ignition_condition": false
  },
  "triple_product_ITER": {
    "temperature_keV": 15.0,
    "density_m3": 1e+20,
    "confinement_time_s": 3.7,
    "triple_product_keV_s_m3": 5.55e+21,
    "ignition_threshold_keV_s_m3": 5e+21,
    "status": "Ignition achieved (self-sustaining)",
    "Q_factor": "infinite",
    "lawson_criterion_met": true
  },
  "shielding_gamma_lead": {
    "radiation_type": "gamma",
    "material": "lead",
    "thickness_cm": 5.0,
    "initial_intensity": 1000.0,
    "transmitted_intensity": 21.279736438377167,
    "attenuation_factor": 46.993063231579285,
    "reduction_percent": 97.87202635616228,
    "half_value_layer_cm": 0.9001911435843445,
    "number_of_hvls": 5.55437590742251
  },
  "shielding_neutron_water": {
    "radiation_type": "neutron",
    "material": "water",
    "thickness_cm": 30.0,
    "initial_intensity": 1000.0,
    "transmitted_intensity": 1.360368037547894,
    "attenuation_factor": 735.0951892419727,
    "reduction_percent": 99.86396319624521,
    "half_value_layer_cm": 3.150669002545206,
    "number_of_hvls": 9.521787269867158
  },
  "fission_critical": {
    "k_effective": 1.0,
    "reactivity": 0.0,
    "state": "Critical (steady state)",
    "generation_time_s": 0.001,
    "doubling_time_s": null,
    "reactor_period_s": "infinite",
    "generations": [
      0,
      1,
      2,
      3,
      4,
      5,
      6,
      7,
      8,
      9,
      10,
      11,
      12,
      13,
      14,
      15,
      16,
      17,
      18,
      19,
      20,
      21,
      22,
      23,
      24,
      25,
      26,
      27,
      28,
      29,
      30,
      31,
      32,
      33,
      34,
      35,
      36,
      37,
      38,
      39,
      40,
      41,
      42,
      43,
      44,
      45,
      46,
      47,
      48,
      49,
      50,
      51,
      52,
      53,
      54,
      55,
      56,
      57,
      58,
      59,
      60,
      61,
      62,
      63,
      64,
      65,
      66,
      67,
      68,
      69,
      70,
      71,
      72,
      73,
      74,
      75,
      76,
      77,
      78,
      79,
      80,
      81,
      82,
      83,
      84,
      85,
      86,
      87,
      88,
      89,
      90,
      91,
      92,
      93,
      94,
      95,
      96,
      97,
      98,
      99,
      100
    ],
    "time_s": [
      0.0,
      0.001,
      0.002,
      0.003,
      0.004,
      0.005,
      0.006,
      0.007,
      0.008,
      0.009000000000000001,
      0.01,
      0.011,
      0.012,
      0.013000000000000001,
      0.014,
      0.015,
      0.016,
      0.017,
      0.018000000000000002,
      0.019,
      0.02,
      0.021,
      0.022,
      0.023,
      0.024,
      0.025,
      0.026000000000000002,
      0.027,
      0.028,
      0.029,
      0.03,
      0.031,
      0.032,
      0.033,
      0.034,
      0.035,
      0.036000000000000004,
      0.037,
      0.038,
      0.039,
      0.04,
      0.041,
      0.042,
      0.043000000000000003,
      0.044,
      0.045,
      0.046,
      0.047,
      0.048,
      0.049,
      0.05,
      0.051000000000000004,
      0.052000000000000005,
      0.053,
      0.054,
      0.055,
      0.056,
      0.057,
      0.058,
      0.059000000000000004,
      0.06,
      0.061,
      0.062,
      0.063,
      0.064,
      0.065,
      0.066,
      0.067,
      0.068,
      0.069,
      0.07,
      0.07100000000000001,
      0.07200000000000001,
      0.073,
      0.074,
      0.075,
      0.076,
      0.077,
      0.078,
      0.079,
      0.08,
      0.081,
      0.082,
      0.083,
      0.084,
      0.085,
      0.08600000000000001,
      0.08700000000000001,
      0.088,
      0.089,
      0.09,
      0.091,
      0.092,
      0.093,
      0.094,
      0.095,
      0.096,
      0.097,
      0.098,
      0.099,
      0.1
    ],