index,name,subset,n_atoms,energy_0,energy_1,formation_energy_0,formation_energy_1
0,1,qm7x,0,-1101.268406,-87.730911,-19.965667003484896,-23.705369278315118
1,1,qm7x,0,-1101.066702,-87.51447,-19.76396300348506,-23.488928278315115
2,1,qm7x,0,-1097.250582,-83.979792,-15.947843003484877,-19.954250278315115
3,1,qm7x,0,-1101.25492,-87.705361,-19.952181003485066,-23.679819278315108
4,1,qm7x,0,-1101.361166,-87.804845,-20.058427003484894,-23.779303278315112
5,1,qm7x,0,-1101.290176,-87.733552,-19.987437003484956,-23.708010278315115
6,1,qm7x,0,-1101.320356,-87.771718,-20.01761700348493,-23.74617627831512
7,1,qm7x,0,-1101.394044,-87.868777,-20.091305003484877,-23.843235278315106
